game,who_won
0,d-red
1,h-yellow
2,d-red
3,d-red
4,h-yellow
5,h-red
6,d-yellow
7,v-red
8,d-red
9,v-red
10,h-red
11,h-yellow
12,h-yellow
13,h-red
14,d-yellow
15,h-red
16,h-yellow
17,v-yellow
18,d-yellow
19,h-yellow
20,d-yellow
21,d-yellow
22,d-yellow
23,h-yellow
24,h-yellow
25,v-red
26,d-yellow
27,d-yellow
28,v-yellow
29,v-yellow
30,h-yellow
31,v-yellow
32,d-yellow
33,d-yellow
34,d-yellow
35,h-red
36,h-yellow
37,h-yellow
38,h-red
39,h-yellow
40,h-red
41,tie
42,d-yellow
43,h-red
44,d-yellow
45,d-red
46,d-yellow
47,d-yellow
48,h-yellow
49,d-red
50,h-yellow
51,d-yellow
52,h-red
53,d-red
54,h-yellow
55,h-yellow
56,h-red
57,v-yellow
58,d-yellow
59,d-red
60,h-red
61,h-red
62,v-red
63,d-red
64,d-red
65,d-red
66,d-red
67,tie
68,h-red
69,h-yellow
70,h-yellow
71,d-yellow
72,h-yellow
73,h-yellow
74,h-red
75,v-yellow
76,d-yellow
77,h-yellow
78,h-red
79,h-red
80,d-yellow
81,d-red
82,d-red
83,h-yellow
84,h-red
85,h-red
86,v-yellow
87,h-red
88,h-red
89,h-yellow
90,tie
91,d-yellow
92,h-yellow
93,d-red
94,d-yellow
95,d-yellow
96,d-red
97,h-yellow
98,h-yellow
99,d-red
100,h-yellow
101,d-yellow
102,h-red
103,d-red
104,h-yellow
105,d-red
106,h-red
107,h-red
108,d-red
109,h-red
110,d-yellow
111,d-red
112,h-yellow
113,h-yellow
114,d-yellow
115,h-red
116,d-yellow
117,d-yellow
118,d-yellow
119,h-yellow
120,h-yellow
121,h-yellow
122,d-red
123,d-red
124,h-red
125,d-yellow
126,v-yellow
127,v-yellow
128,tie
129,d-red
130,d-red
131,h-red
132,v-red
133,h-red
134,v-yellow
135,h-yellow
136,h-red
137,h-red
138,d-yellow
139,h-yellow
140,d-red
141,h-yellow
142,d-yellow
143,h-yellow
144,h-red
145,h-yellow
146,h-red
147,d-yellow
148,d-yellow
149,d-yellow
150,d-yellow
151,h-yellow
152,d-yellow
153,d-yellow
154,d-red
155,h-yellow
156,h-red
157,d-yellow
158,h-red
159,h-yellow
160,h-yellow
161,d-yellow
162,d-yellow
163,d-yellow
164,d-red
165,d-red
166,d-yellow
167,d-yellow
168,d-red
169,d-yellow
170,d-yellow
171,h-yellow
172,h-yellow
173,d-red
174,v-red
175,h-red
176,h-yellow
177,h-yellow
178,d-yellow
179,h-yellow
180,h-yellow
181,h-red
182,h-yellow
183,h-red
184,h-yellow
185,h-yellow
186,h-red
187,h-red
188,h-yellow
189,h-yellow
190,h-red
191,d-yellow
192,d-yellow
193,h-yellow
194,h-yellow
195,h-red
196,h-yellow
197,h-red
198,h-red
199,h-yellow
200,d-red
201,d-red
202,h-red
203,d-red
204,h-red
205,d-red
206,h-yellow
207,h-yellow
208,h-red
209,d-red
210,h-yellow
211,d-red
212,h-yellow
213,h-red
214,h-red
215,h-yellow
216,h-red
217,d-red
218,d-red
219,v-yellow
220,h-red
221,h-yellow
222,h-red
223,h-red
224,h-yellow
225,tie
226,h-yellow
227,h-red
228,h-red
229,h-yellow
230,d-red
231,h-yellow
232,h-yellow
233,h-red
234,v-red
235,h-red
236,d-yellow
237,h-yellow
238,h-yellow
239,d-yellow
240,h-red
241,h-red
242,d-red
243,h-yellow
244,d-red
245,h-yellow
246,d-red
247,v-yellow
248,h-red
249,v-red
250,h-red
251,h-red
252,d-yellow
253,d-red
254,d-red
255,d-yellow
256,d-red
257,d-yellow
258,d-red
259,d-yellow
260,d-yellow
261,d-red
262,h-yellow
263,h-red
264,h-red
265,h-red
266,d-yellow
267,tie
268,v-yellow
269,h-red
270,tie
271,h-yellow
272,h-yellow
273,h-yellow
274,tie
275,v-yellow
276,h-red
277,h-yellow
278,h-red
279,tie
280,d-yellow
281,d-red
282,tie
283,d-yellow
284,d-yellow
285,d-yellow
286,d-yellow
287,h-yellow
288,d-red
289,h-red
290,h-yellow
291,d-yellow
292,d-yellow
293,d-yellow
294,d-red
295,d-yellow
296,tie
297,h-yellow
298,h-yellow
299,d-red
300,d-yellow
301,d-yellow
302,v-red
303,h-yellow
304,h-red
305,h-yellow
306,h-red
307,h-yellow
308,h-red
309,h-red
310,h-red
311,h-red
312,h-yellow
313,d-yellow
314,d-yellow
315,h-yellow
316,h-red
317,d-red
318,d-yellow
319,v-red
320,h-yellow
321,h-red
322,d-red
323,h-red
324,d-red
325,d-red
326,d-red
327,d-red
328,d-yellow
329,d-yellow
330,tie
331,h-yellow
332,d-yellow
333,d-red
334,h-yellow
335,h-yellow
336,h-red
337,d-red
338,d-yellow
339,d-red
340,h-red
341,h-yellow
342,h-yellow
343,d-yellow
344,h-red
345,tie
346,h-yellow
347,d-yellow
348,h-yellow
349,v-red
350,h-red
351,h-yellow
352,d-yellow
353,d-yellow
354,h-yellow
355,h-red
356,h-red
357,d-red
358,d-yellow
359,h-red
360,h-yellow
361,h-yellow
362,h-yellow
363,d-yellow
364,h-red
365,d-red
366,h-red
367,d-yellow
368,tie
369,h-red
370,h-red
371,h-yellow
372,h-red
373,d-yellow
374,d-red
375,tie
376,h-yellow
377,h-red
378,d-red
379,h-red
380,d-red
381,h-red
382,h-red
383,h-red
384,h-red
385,v-red
386,d-yellow
387,tie
388,d-red
389,h-red
390,d-yellow
391,d-red
392,h-red
393,h-yellow
394,tie
395,d-red
396,h-red
397,h-yellow
398,v-red
399,h-red
400,h-red
401,d-red
402,h-yellow
403,d-yellow
404,d-yellow
405,h-yellow
406,d-red
407,v-yellow
408,v-red
409,h-yellow
410,h-yellow
411,d-red
412,d-red
413,v-red
414,d-yellow
415,h-red
416,h-red
417,d-red
418,h-yellow
419,tie
420,tie
421,d-red
422,h-yellow
423,d-red
424,h-yellow
425,h-red
426,h-yellow
427,v-yellow
428,d-red
429,d-red
430,h-yellow
431,h-red
432,h-red
433,d-yellow
434,h-red
435,h-yellow
436,h-yellow
437,h-red
438,h-yellow
439,d-red
440,d-red
441,h-red
442,d-red
443,h-red
444,d-yellow
445,d-yellow
446,h-red
447,d-red
448,v-yellow
449,h-yellow
450,d-yellow
451,d-red
452,h-yellow
453,d-red
454,h-yellow
455,h-yellow
456,d-red
457,h-yellow
458,h-red
459,h-yellow
460,h-yellow
461,d-yellow
462,h-yellow
463,h-red
464,h-red
465,d-yellow
466,h-red
467,h-yellow
468,d-red
469,h-red
470,h-red
471,d-yellow
472,d-yellow
473,h-red
474,d-yellow
475,d-yellow
476,h-red
477,d-yellow
478,d-yellow
479,d-yellow
480,h-yellow
481,h-yellow
482,d-yellow
483,h-red
484,tie
485,h-yellow
486,h-yellow
487,h-yellow
488,h-yellow
489,d-yellow
490,h-yellow
491,h-yellow
492,h-red
493,d-red
494,d-red
495,d-yellow
496,v-red
497,tie
498,d-red
499,v-red
500,h-yellow
501,h-red
502,h-yellow
503,tie
504,d-yellow
505,d-red
506,h-yellow
507,h-red
508,h-yellow
509,v-yellow
510,v-red
511,h-yellow
512,d-yellow
513,d-red
514,d-yellow
515,d-yellow
516,d-yellow
517,h-yellow
518,h-yellow
519,h-yellow
520,d-red
521,tie
522,tie
523,d-yellow
524,d-yellow
525,d-red
526,v-red
527,h-yellow
528,h-yellow
529,h-red
530,d-red
531,h-red
532,d-red
533,d-yellow
534,d-yellow
535,h-red
536,d-red
537,d-red
538,h-red
539,d-red
540,d-yellow
541,h-yellow
542,d-yellow
543,h-yellow
544,h-yellow
545,h-yellow
546,d-yellow
547,d-red
548,h-yellow
549,d-red
550,h-yellow
551,h-red
552,d-yellow
553,h-red
554,v-yellow
555,h-red
556,d-red
557,d-yellow
558,h-yellow
559,h-yellow
560,h-yellow
561,d-red
562,d-yellow
563,d-red
564,d-yellow
565,d-yellow
566,d-yellow
567,h-yellow
568,d-yellow
569,d-yellow
570,h-red
571,d-red
572,d-red
573,v-red
574,d-red
575,d-yellow
576,h-yellow
577,h-red
578,d-yellow
579,h-yellow
580,d-yellow
581,d-yellow
582,d-red
583,h-red
584,h-red
585,h-yellow
586,d-red
587,h-yellow
588,tie
589,h-yellow
590,h-yellow
591,d-red
592,d-yellow
593,d-red
594,d-red
595,d-red
596,h-red
597,h-yellow
598,v-red
599,d-yellow
600,d-red
601,d-yellow
602,h-red
603,v-red
604,v-yellow
605,d-yellow
606,d-yellow
607,v-yellow
608,tie
609,d-red
610,d-red
611,v-red
612,h-yellow
613,d-red
614,h-yellow
615,h-yellow
616,h-yellow
617,tie
618,h-yellow
619,d-yellow
620,h-red
621,h-yellow
622,v-yellow
623,d-yellow
624,d-red
625,h-red
626,tie
627,h-yellow
628,d-yellow
629,d-yellow
630,d-yellow
631,d-red
632,h-red
633,d-red
634,v-red
635,d-yellow
636,d-yellow
637,h-red
638,d-yellow
639,h-yellow
640,d-red
641,d-red
642,h-red
643,d-red
644,d-red
645,h-red
646,h-yellow
647,v-yellow
648,h-red
649,tie
650,h-yellow
651,d-red
652,d-red
653,d-yellow
654,d-red
655,d-red
656,d-yellow
657,d-red
658,h-red
659,h-red
660,h-yellow
661,d-red
662,v-yellow
663,h-yellow
664,h-yellow
665,d-yellow
666,d-red
667,tie
668,h-yellow
669,d-yellow
670,v-yellow
671,d-red
672,h-yellow
673,h-yellow
674,h-red
675,h-yellow
676,v-yellow
677,d-yellow
678,tie
679,d-red
680,d-red
681,h-red
682,tie
683,d-yellow
684,h-yellow
685,h-red
686,h-yellow
687,h-red
688,h-red
689,h-yellow
690,v-yellow
691,v-red
692,h-red
693,tie
694,h-yellow
695,h-yellow
696,h-red
697,h-red
698,d-red
699,d-red
700,d-red
701,h-yellow
702,h-red
703,h-yellow
704,d-red
705,h-yellow
706,d-red
707,v-yellow
708,h-red
709,v-red
710,d-yellow
711,d-yellow
712,h-red
713,h-red
714,d-yellow
715,h-yellow
716,h-red
717,d-yellow
718,d-red
719,v-yellow
720,h-red
721,h-yellow
722,v-yellow
723,d-yellow
724,d-red
725,h-red
726,tie
727,h-red
728,h-yellow
729,d-red
730,h-yellow
731,h-red
732,h-yellow
733,d-red
734,h-yellow
735,h-red
736,h-red
737,d-yellow
738,h-yellow
739,d-red
740,h-yellow
741,d-red
742,h-yellow
743,h-red
744,d-yellow
745,h-red
746,h-yellow
747,h-yellow
748,h-red
749,d-red
750,h-red
751,h-red
752,tie
753,d-red
754,d-yellow
755,h-yellow
756,h-yellow
757,h-red
758,d-red
759,h-yellow
760,d-red
761,h-red
762,h-yellow
763,h-yellow
764,d-yellow
765,h-yellow
766,d-red
767,d-yellow
768,h-red
769,h-yellow
770,d-yellow
771,v-yellow
772,d-yellow
773,d-yellow
774,v-yellow
775,h-yellow
776,d-yellow
777,h-red
778,h-red
779,h-red
780,h-yellow
781,d-yellow
782,h-yellow
783,h-yellow
784,h-yellow
785,h-yellow
786,h-yellow
787,h-yellow
788,h-yellow
789,tie
790,d-red
791,d-red
792,d-yellow
793,d-red
794,d-red
795,d-red
796,d-yellow
797,d-red
798,d-red
799,tie
800,h-yellow
801,h-yellow
802,h-yellow
803,d-yellow
804,h-yellow
805,d-yellow
806,tie
807,h-yellow
808,d-yellow
809,h-yellow
810,h-yellow
811,d-red
812,d-yellow
813,d-red
814,d-red
815,h-red
816,d-yellow
817,d-red
818,h-red
819,d-red
820,d-red
821,v-red
822,h-yellow
823,h-yellow
824,h-yellow
825,h-yellow
826,d-yellow
827,h-red
828,h-red
829,tie
830,h-red
831,h-yellow
832,h-yellow
833,tie
834,d-red
835,d-red
836,d-red
837,h-yellow
838,d-red
839,h-yellow
840,h-yellow
841,h-red
842,tie
843,h-red
844,d-red
845,tie
846,d-red
847,h-yellow
848,d-red
849,d-red
850,d-red
851,v-yellow
852,d-yellow
853,h-red
854,d-red
855,h-red
856,d-red
857,v-yellow
858,h-yellow
859,d-red
860,d-yellow
861,d-yellow
862,h-yellow
863,h-red
864,h-yellow
865,h-yellow
866,d-red
867,h-red
868,d-red
869,h-yellow
870,d-yellow
871,d-red
872,h-yellow
873,h-red
874,v-red
875,h-red
876,tie
877,h-red
878,h-red
879,v-yellow
880,h-red
881,d-yellow
882,h-yellow
883,h-red
884,d-red
885,h-red
886,h-red
887,h-red
888,d-yellow
889,h-red
890,d-yellow
891,h-red
892,tie
893,h-yellow
894,d-yellow
895,h-yellow
896,d-red
897,h-yellow
898,h-yellow
899,h-red
900,h-yellow
901,d-yellow
902,d-red
903,h-red
904,d-red
905,h-yellow
906,h-yellow
907,d-yellow
908,h-yellow
909,h-yellow
910,v-yellow
911,d-red
912,h-red
913,h-red
914,h-yellow
915,d-yellow
916,h-red
917,d-yellow
918,d-yellow
919,d-yellow
920,d-yellow
921,v-yellow
922,d-yellow
923,h-yellow
924,d-yellow
925,v-red
926,d-red
927,d-red
928,h-red
929,h-yellow
930,h-yellow
931,d-red
932,d-yellow
933,d-yellow
934,h-yellow
935,h-yellow
936,h-red
937,v-red
938,h-red
939,d-red
940,h-red
941,d-red
942,h-red
943,d-red
944,h-red
945,h-yellow
946,h-red
947,h-yellow
948,d-red
949,h-yellow
950,d-yellow
951,d-yellow
952,h-red
953,h-red
954,d-yellow
955,h-red
956,d-yellow
957,h-red
958,d-red
959,h-red
960,h-yellow
961,d-yellow
962,h-red
963,h-red
964,v-red
965,h-red
966,h-red
967,d-red
968,h-red
969,d-yellow
970,h-red
971,h-yellow
972,d-yellow
973,h-red
974,h-yellow
975,d-yellow
976,h-yellow
977,h-red
978,d-yellow
979,h-yellow
980,v-red
981,d-yellow
982,h-yellow
983,d-yellow
984,d-yellow
985,d-yellow
986,d-yellow
987,d-yellow
988,d-red
989,d-yellow
990,d-yellow
991,h-yellow
992,h-yellow
993,tie
994,h-yellow
995,h-yellow
996,d-red
997,h-yellow
998,d-red
999,h-red
1000,d-yellow
1001,h-red
1002,h-red
1003,d-red
1004,d-yellow
1005,d-yellow
1006,h-red
1007,h-yellow
1008,h-yellow
1009,h-red
1010,h-red
1011,h-red
1012,h-yellow
1013,h-yellow
1014,tie
1015,h-red
1016,h-red
1017,h-yellow
1018,h-red
1019,d-yellow
1020,d-red
1021,d-yellow
1022,h-yellow
1023,h-yellow
1024,h-red
1025,h-red
1026,d-yellow
1027,h-yellow
1028,h-yellow
1029,h-red
1030,d-red
1031,h-red
1032,d-yellow
1033,d-yellow
1034,h-red
1035,h-yellow
1036,h-red
1037,tie
1038,h-red
1039,d-red
1040,h-yellow
1041,h-yellow
1042,h-red
1043,v-yellow
1044,h-yellow
1045,h-red
1046,tie
1047,d-yellow
1048,h-red
1049,d-yellow
1050,v-yellow
1051,h-red
1052,h-yellow
1053,d-red
1054,d-yellow
1055,h-red
1056,d-yellow
1057,tie
1058,d-yellow
1059,d-yellow
1060,d-red
1061,h-red
1062,h-red
1063,h-yellow
1064,h-red
1065,d-yellow
1066,h-yellow
1067,d-yellow
1068,d-red
1069,d-red
1070,d-red
1071,d-red
1072,d-yellow
1073,h-red
1074,d-red
1075,h-red
1076,h-yellow
1077,h-yellow
1078,d-yellow
1079,h-red
1080,d-yellow
1081,d-red
1082,d-red
1083,d-yellow
1084,d-yellow
1085,v-yellow
1086,d-red
1087,d-yellow
1088,h-red
1089,d-red
1090,tie
1091,h-red
1092,h-yellow
1093,h-red
1094,d-yellow
1095,h-red
1096,h-yellow
1097,d-red
1098,h-yellow
1099,h-yellow
1100,d-yellow
1101,h-red
1102,h-yellow
1103,d-yellow
1104,d-red
1105,d-red
1106,d-yellow
1107,d-red
1108,h-red
1109,v-yellow
1110,d-red
1111,d-red
1112,v-yellow
1113,v-red
1114,tie
1115,d-yellow
1116,h-red
1117,d-red
1118,d-red
1119,v-yellow
1120,tie
1121,h-yellow
1122,h-yellow
1123,h-yellow
1124,v-yellow
1125,h-yellow
1126,h-yellow
1127,v-yellow
1128,h-yellow
1129,d-yellow
1130,d-yellow
1131,h-red
1132,h-yellow
1133,h-yellow
1134,v-red
1135,d-yellow
1136,v-red
1137,d-yellow
1138,d-yellow
1139,v-red
1140,d-red
1141,h-red
1142,h-yellow
1143,v-yellow
1144,v-yellow
1145,h-red
1146,tie
1147,h-yellow
1148,v-red
1149,h-red
1150,d-yellow
1151,d-red
1152,h-yellow
1153,h-yellow
1154,h-red
1155,d-yellow
1156,d-yellow
1157,v-red
1158,h-red
1159,v-yellow
1160,d-yellow
1161,h-red
1162,h-yellow
1163,h-red
1164,v-yellow
1165,h-red
1166,d-yellow
1167,h-yellow
1168,h-red
1169,d-yellow
1170,h-yellow
1171,tie
1172,d-red
1173,h-yellow
1174,v-yellow
1175,d-yellow
1176,d-red
1177,h-red
1178,h-yellow
1179,d-red
1180,h-red
1181,d-red
1182,h-yellow
1183,h-yellow
1184,h-red
1185,d-yellow
1186,d-yellow
1187,d-yellow
1188,h-red
1189,h-red
1190,d-red
1191,h-red
1192,v-red
1193,h-red
1194,h-yellow
1195,h-red
1196,h-red
1197,h-yellow
1198,h-yellow
1199,d-red
1200,h-yellow
1201,tie
1202,d-red
1203,d-red
1204,h-yellow
1205,d-yellow
1206,d-red
1207,h-yellow
1208,h-red
1209,d-red
1210,d-yellow
1211,d-yellow
1212,v-yellow
1213,v-red
1214,h-red
1215,d-yellow
1216,v-yellow
1217,h-red
1218,d-yellow
1219,h-yellow
1220,h-yellow
1221,h-red
1222,v-yellow
1223,h-red
1224,tie
1225,d-yellow
1226,d-yellow
1227,h-yellow
1228,h-yellow
1229,h-red
1230,h-red
1231,h-yellow
1232,h-red
1233,d-red
1234,d-yellow
1235,h-yellow
1236,d-red
1237,d-yellow
1238,d-red
1239,d-red
1240,d-yellow
1241,h-red
1242,d-yellow
1243,tie
1244,d-yellow
1245,tie
1246,h-red
1247,v-red
1248,h-red
1249,h-yellow
1250,v-red
1251,d-yellow
1252,tie
1253,d-red
1254,h-red
1255,h-yellow
1256,h-yellow
1257,d-yellow
1258,h-red
1259,d-yellow
1260,h-yellow
1261,d-yellow
1262,h-red
1263,v-red
1264,d-yellow
1265,h-red
1266,d-red
1267,h-yellow
1268,d-red
1269,h-yellow
1270,h-red
1271,h-red
1272,h-red
1273,h-red
1274,h-red
1275,h-red
1276,h-yellow
1277,d-yellow
1278,v-red
1279,tie
1280,d-red
1281,d-red
1282,h-red
1283,h-yellow
1284,h-yellow
1285,d-yellow
1286,h-yellow
1287,v-red
1288,h-yellow
1289,d-red
1290,d-yellow
1291,d-yellow
1292,d-yellow
1293,h-red
1294,h-yellow
1295,v-red
1296,d-red
1297,h-yellow
1298,h-yellow
1299,h-yellow
1300,d-red
1301,d-yellow
1302,h-yellow
1303,h-yellow
1304,h-yellow
1305,d-yellow
1306,h-yellow
1307,d-yellow
1308,tie
1309,d-yellow
1310,d-red
1311,d-red
1312,h-red
1313,h-red
1314,h-red
1315,h-yellow
1316,d-yellow
1317,h-yellow
1318,v-yellow
1319,d-red
1320,h-yellow
1321,d-red
1322,d-red
1323,d-yellow
1324,d-yellow
1325,h-red
1326,h-red
1327,h-yellow
1328,d-yellow
1329,v-red
1330,d-red
1331,tie
1332,h-red
1333,h-yellow
1334,v-red
1335,h-red
1336,d-red
1337,d-yellow
1338,d-yellow
1339,d-red
1340,d-yellow
1341,d-red
1342,d-yellow
1343,h-yellow
1344,d-red
1345,d-red
1346,h-red
1347,tie
1348,d-red
1349,h-red
1350,d-red
1351,v-red
1352,d-yellow
1353,h-red
1354,h-red
1355,d-red
1356,h-red
1357,d-yellow
1358,h-yellow
1359,d-red
1360,v-red
1361,d-yellow
1362,d-red
1363,d-yellow
1364,h-yellow
1365,d-red
1366,d-yellow
1367,d-red
1368,h-yellow
1369,h-yellow
1370,h-yellow
1371,d-red
1372,h-yellow
1373,d-red
1374,h-yellow
1375,d-yellow
1376,d-red
1377,h-red
1378,d-red
1379,tie
1380,h-yellow
1381,h-yellow
1382,v-red
1383,d-yellow
1384,d-yellow
1385,tie
1386,tie
1387,d-yellow
1388,h-yellow
1389,h-yellow
1390,h-red
1391,h-red
1392,h-yellow
1393,h-red
1394,v-yellow
1395,v-yellow
1396,d-yellow
1397,d-red
1398,h-red
1399,h-yellow
1400,h-yellow
1401,d-yellow
1402,d-red
1403,d-yellow
1404,d-red
1405,h-yellow
1406,h-yellow
1407,h-red
1408,h-yellow
1409,h-yellow
1410,tie
1411,h-yellow
1412,d-red
1413,h-yellow
1414,d-red
1415,d-yellow
1416,h-yellow
1417,h-red
1418,v-yellow
1419,h-yellow
1420,h-red
1421,h-yellow
1422,d-yellow
1423,d-red
1424,h-red
1425,h-red
1426,h-red
1427,d-red
1428,d-red
1429,d-red
1430,h-red
1431,h-yellow
1432,d-red
1433,d-yellow
1434,h-yellow
1435,d-red
1436,h-yellow
1437,v-yellow
1438,d-yellow
1439,d-red
1440,h-red
1441,h-yellow
1442,h-red
1443,d-yellow
1444,h-red
1445,h-yellow
1446,h-red
1447,h-yellow
1448,d-yellow
1449,h-yellow
1450,d-yellow
1451,d-red
1452,h-red
1453,d-red
1454,d-yellow
1455,h-yellow
1456,d-red
1457,h-yellow
1458,d-red
1459,d-yellow
1460,d-yellow
1461,d-red
1462,d-yellow
1463,h-red
1464,h-red
1465,d-red
1466,d-yellow
1467,d-yellow
1468,d-yellow
1469,h-red
1470,v-red
1471,h-red
1472,h-red
1473,h-red
1474,h-red
1475,d-yellow
1476,h-yellow
1477,h-yellow
1478,h-yellow
1479,h-red
1480,h-red
1481,h-yellow
1482,h-red
1483,h-red
1484,h-yellow
1485,d-red
1486,d-red
1487,h-yellow
1488,h-red
1489,h-red
1490,d-yellow
1491,h-yellow
1492,d-red
1493,d-yellow
1494,d-red
1495,d-yellow
1496,h-yellow
1497,v-red
1498,h-red
1499,h-red
1500,h-red
1501,d-red
1502,v-yellow
1503,d-yellow
1504,d-yellow
1505,h-yellow
1506,d-yellow
1507,d-yellow
1508,d-red
1509,d-red
1510,h-red
1511,h-yellow
1512,d-yellow
1513,h-red
1514,h-red
1515,d-yellow
1516,h-yellow
1517,h-red
1518,d-yellow
1519,h-red
1520,h-yellow
1521,h-red
1522,d-red
1523,tie
1524,d-red
1525,h-yellow
1526,h-red
1527,d-yellow
1528,h-red
1529,d-yellow
1530,d-red
1531,d-yellow
1532,d-yellow
1533,d-yellow
1534,v-yellow
1535,v-red
1536,h-yellow
1537,d-red
1538,d-red
1539,h-yellow
1540,h-yellow
1541,h-red
1542,d-yellow
1543,h-yellow
1544,h-red
1545,d-red
1546,h-yellow
1547,h-yellow
1548,v-red
1549,h-yellow
1550,d-red
1551,d-yellow
1552,h-red
1553,tie
1554,h-red
1555,d-red
1556,h-yellow
1557,h-yellow
1558,h-red
1559,h-yellow
1560,tie
1561,d-red
1562,d-red
1563,d-yellow
1564,h-red
1565,h-yellow
1566,d-red
1567,h-red
1568,h-red
1569,h-yellow
1570,d-yellow
1571,h-yellow
1572,d-red
1573,h-red
1574,d-red
1575,d-yellow
1576,h-red
1577,d-red
1578,h-yellow
1579,v-yellow
1580,h-yellow
1581,h-yellow
1582,d-red
1583,h-red
1584,d-yellow
1585,h-red
1586,h-red
1587,h-red
1588,d-yellow
1589,h-yellow
1590,h-red
1591,v-yellow
1592,h-yellow
1593,v-yellow
1594,d-red
1595,v-yellow
1596,h-red
1597,tie
1598,d-yellow
1599,d-yellow
1600,h-red
1601,h-yellow
1602,d-yellow
1603,h-yellow
1604,h-yellow
1605,d-red
1606,h-yellow
1607,h-yellow
1608,h-red
1609,d-yellow
1610,d-yellow
1611,d-red
1612,h-yellow
1613,h-yellow
1614,d-yellow
1615,d-red
1616,d-red
1617,d-yellow
1618,d-yellow
1619,d-red
1620,h-red
1621,d-red
1622,d-red
1623,h-red
1624,v-red
1625,tie
1626,v-yellow
1627,h-yellow
1628,d-yellow
1629,d-yellow
1630,h-red
1631,d-yellow
1632,d-yellow
1633,d-yellow
1634,d-red
1635,tie
1636,tie
1637,h-yellow
1638,h-red
1639,h-yellow
1640,h-yellow
1641,d-yellow
1642,h-yellow
1643,h-yellow
1644,d-red
1645,d-yellow
1646,h-yellow
1647,h-red
1648,h-red
1649,h-yellow
1650,d-yellow
1651,h-yellow
1652,h-yellow
1653,h-yellow
1654,h-red
1655,d-red
1656,h-yellow
1657,d-red
1658,d-yellow
1659,d-red
1660,d-red
1661,d-yellow
1662,h-yellow
1663,d-red
1664,d-red
1665,h-yellow
1666,h-red
1667,h-red
1668,d-yellow
1669,d-yellow
1670,h-red
1671,d-red
1672,d-yellow
1673,v-yellow
1674,d-yellow
1675,v-yellow
1676,h-yellow
1677,h-yellow
1678,d-red
1679,h-yellow
1680,v-red
1681,d-red
1682,h-red
1683,h-red
1684,d-yellow
1685,d-red
1686,d-red
1687,h-yellow
1688,tie
1689,d-red
1690,tie
1691,h-yellow
1692,d-red
1693,tie
1694,h-red
1695,h-red
1696,d-yellow
1697,h-red
1698,h-yellow
1699,d-red
1700,h-red
1701,h-red
1702,d-red
1703,tie
1704,h-red
1705,d-yellow
1706,h-red
1707,h-red
1708,h-yellow
1709,d-red
1710,d-red
1711,d-red
1712,h-red
1713,v-red
1714,d-red
1715,tie
1716,h-yellow
1717,h-yellow
1718,d-yellow
1719,d-yellow
1720,d-red
1721,d-red
1722,h-red
1723,d-red
1724,h-yellow
1725,h-red
1726,d-yellow
1727,d-yellow
1728,d-yellow
1729,h-yellow
1730,h-red
1731,d-red
1732,d-yellow
1733,h-red
1734,h-red
1735,d-red
1736,h-red
1737,d-yellow
1738,v-yellow
1739,h-yellow
1740,h-red
1741,h-red
1742,h-yellow
1743,d-red
1744,h-yellow
1745,d-red
1746,tie
1747,d-yellow
1748,d-yellow
1749,h-yellow
1750,d-red
1751,h-red
1752,v-yellow
1753,d-red
1754,h-yellow
1755,d-red
1756,h-red
1757,h-yellow
1758,tie
1759,d-red
1760,d-red
1761,d-red
1762,d-red
1763,d-red
1764,h-red
1765,h-yellow
1766,h-red
1767,d-yellow
1768,d-red
1769,h-red
1770,h-yellow
1771,d-red
1772,d-red
1773,h-red
1774,d-red
1775,h-yellow
1776,v-red
1777,h-yellow
1778,d-red
1779,d-red
1780,h-yellow
1781,d-red
1782,d-yellow
1783,h-red
1784,d-red
1785,d-yellow
1786,d-yellow
1787,tie
1788,h-yellow
1789,h-red
1790,h-yellow
1791,d-red
1792,d-red
1793,d-red
1794,d-yellow
1795,d-yellow
1796,d-yellow
1797,h-red
1798,h-red
1799,d-red
1800,d-red
1801,h-yellow
1802,h-red
1803,d-yellow
1804,d-yellow
1805,d-red
1806,h-yellow
1807,d-red
1808,d-yellow
1809,v-red
1810,v-yellow
1811,h-red
1812,d-yellow
1813,d-yellow
1814,d-yellow
1815,d-red
1816,h-yellow
1817,h-red
1818,h-red
1819,h-yellow
1820,h-yellow
1821,d-yellow
1822,d-yellow
1823,h-yellow
1824,h-yellow
1825,tie
1826,h-red
1827,d-yellow
1828,h-red
1829,h-red
1830,tie
1831,d-red
1832,h-red
1833,h-yellow
1834,tie
1835,h-yellow
1836,d-yellow
1837,h-yellow
1838,v-yellow
1839,h-red
1840,h-red
1841,h-red
1842,h-red
1843,d-yellow
1844,d-red
1845,d-red
1846,h-yellow
1847,h-yellow
1848,h-red
1849,h-red
1850,tie
1851,v-yellow
1852,d-yellow
1853,h-red
1854,d-yellow
1855,h-red
1856,h-yellow
1857,v-red
1858,d-yellow
1859,h-red
1860,h-yellow
1861,d-red
1862,d-red
1863,d-red
1864,d-yellow
1865,v-yellow
1866,h-red
1867,d-yellow
1868,h-red
1869,h-yellow
1870,h-red
1871,d-yellow
1872,d-red
1873,h-red
1874,h-red
1875,v-red
1876,h-red
1877,d-yellow
1878,h-yellow
1879,d-red
1880,h-red
1881,d-yellow
1882,h-red
1883,tie
1884,d-red
1885,d-yellow
1886,d-red
1887,d-red
1888,h-yellow
1889,d-yellow
1890,h-red
1891,tie
1892,d-red
1893,d-red
1894,tie
1895,h-red
1896,h-yellow
1897,v-red
1898,tie
1899,h-red
1900,d-yellow
1901,d-red
1902,h-yellow
1903,d-red
1904,d-red
1905,h-red
1906,h-yellow
1907,d-red
1908,d-yellow
1909,d-red
1910,d-yellow
1911,d-yellow
1912,h-yellow
1913,h-red
1914,d-red
1915,d-yellow
1916,h-yellow
1917,h-red
1918,d-red
1919,h-yellow
1920,h-red
1921,d-yellow
1922,d-yellow
1923,h-red
1924,h-red
1925,h-yellow
1926,h-yellow
1927,h-yellow
1928,d-yellow
1929,h-yellow
1930,d-yellow
1931,h-red
1932,h-yellow
1933,h-yellow
1934,tie
1935,h-red
1936,h-yellow
1937,h-red
1938,d-red
1939,d-yellow
1940,tie
1941,v-red
1942,v-yellow
1943,h-yellow
1944,h-red
1945,h-yellow
1946,h-yellow
1947,d-yellow
1948,h-yellow
1949,v-red
1950,h-red
1951,v-yellow
1952,h-red
1953,d-red
1954,d-yellow
1955,h-yellow
1956,d-red
1957,h-yellow
1958,h-red
1959,h-red
1960,d-yellow
1961,d-yellow
1962,h-yellow
1963,h-yellow
1964,d-red
1965,h-red
1966,h-red
1967,d-yellow
1968,h-red
1969,v-yellow
1970,d-yellow
1971,h-yellow
1972,d-red
1973,h-red
1974,tie
1975,v-yellow
1976,d-red
1977,d-red
1978,d-red
1979,d-yellow
1980,d-red
1981,h-yellow
1982,h-yellow
1983,d-yellow
1984,h-red
1985,h-red
1986,d-yellow
1987,h-red
1988,d-yellow
1989,tie
1990,d-yellow
1991,h-red
1992,d-red
1993,d-red
1994,d-red
1995,d-yellow
1996,h-red
1997,h-yellow
1998,h-red
1999,d-red
2000,d-yellow
2001,h-yellow
2002,h-red
2003,d-yellow
2004,d-red
2005,h-red
2006,h-red
2007,h-red
2008,d-yellow
2009,d-red
2010,h-yellow
2011,d-yellow
2012,h-yellow
2013,tie
2014,h-yellow
2015,d-yellow
2016,d-yellow
2017,d-yellow
2018,d-red
2019,h-red
2020,d-red
2021,tie
2022,h-red
2023,d-yellow
2024,d-red
2025,h-yellow
2026,h-red
2027,h-yellow
2028,v-red
2029,h-yellow
2030,d-red
2031,v-red
2032,d-red
2033,v-yellow
2034,d-red
2035,d-red
2036,h-yellow
2037,v-yellow
2038,d-red
2039,h-yellow
2040,h-yellow
2041,h-yellow
2042,d-yellow
2043,v-yellow
2044,d-yellow
2045,h-red
2046,h-yellow
2047,h-yellow
2048,h-yellow
2049,h-red
2050,d-red
2051,h-yellow
2052,d-yellow
2053,v-red
2054,d-red
2055,d-yellow
2056,h-yellow
2057,h-yellow
2058,h-red
2059,d-yellow
2060,d-yellow
2061,d-red
2062,d-red
2063,d-red
2064,h-red
2065,d-yellow
2066,h-yellow
2067,d-red
2068,d-yellow
2069,v-yellow
2070,h-red
2071,d-red
2072,h-yellow
2073,h-red
2074,h-yellow
2075,h-red
2076,h-yellow
2077,d-red
2078,d-red
2079,h-red
2080,d-yellow
2081,d-yellow
2082,v-yellow
2083,v-yellow
2084,h-red
2085,tie
2086,tie
2087,h-red
2088,h-yellow
2089,tie
2090,h-yellow
2091,h-red
2092,d-red
2093,v-red
2094,h-red
2095,tie
2096,d-red
2097,d-red
2098,h-red
2099,d-red
2100,h-yellow
2101,h-red
2102,h-yellow
2103,h-red
2104,h-red
2105,h-yellow
2106,d-red
2107,h-yellow
2108,d-red
2109,h-red
2110,h-yellow
2111,h-red
2112,v-red
2113,d-red
2114,tie
2115,d-yellow
2116,d-red
2117,h-yellow
2118,d-red
2119,d-yellow
2120,d-yellow
2121,d-yellow
2122,d-red
2123,d-red
2124,d-red
2125,h-red
2126,h-red
2127,h-yellow
2128,h-red
2129,d-red
2130,d-red
2131,h-red
2132,h-red
2133,d-red
2134,d-yellow
2135,d-red
2136,h-yellow
2137,d-red
2138,h-red
2139,d-yellow
2140,h-yellow
2141,d-yellow
2142,h-yellow
2143,d-yellow
2144,d-yellow
2145,h-yellow
2146,h-red
2147,h-yellow
2148,h-yellow
2149,d-red
2150,v-red
2151,d-yellow
2152,d-yellow
2153,d-red
2154,v-yellow
2155,d-red
2156,d-red
2157,h-yellow
2158,d-red
2159,v-yellow
2160,tie
2161,tie
2162,d-red
2163,d-yellow
2164,d-red
2165,d-yellow
2166,v-red
2167,h-red
2168,h-red
2169,d-yellow
2170,tie
2171,h-red
2172,d-yellow
2173,d-red
2174,h-yellow
2175,d-yellow
2176,h-yellow
2177,h-yellow
2178,tie
2179,h-yellow
2180,h-yellow
2181,h-yellow
2182,d-red
2183,d-yellow
2184,d-red
2185,h-red
2186,h-yellow
2187,h-red
2188,h-yellow
2189,h-red
2190,h-red
2191,h-red
2192,h-red
2193,d-red
2194,d-yellow
2195,d-yellow
2196,v-yellow
2197,h-red
2198,d-yellow
2199,d-yellow
2200,d-red
2201,tie
2202,d-red
2203,d-red
2204,d-yellow
2205,h-yellow
2206,h-red
2207,h-red
2208,v-yellow
2209,d-yellow
2210,d-red
2211,h-red
2212,h-yellow
2213,h-red
2214,h-yellow
2215,h-red
2216,h-red
2217,h-yellow
2218,h-red
2219,d-red
2220,h-red
2221,h-red
2222,h-yellow
2223,d-yellow
2224,h-yellow
2225,d-red
2226,h-yellow
2227,h-red
2228,d-yellow
2229,v-red
2230,h-red
2231,d-yellow
2232,d-yellow
2233,h-red
2234,d-red
2235,d-red
2236,d-yellow
2237,v-red
2238,d-yellow
2239,h-yellow
2240,d-red
2241,h-yellow
2242,h-red
2243,d-red
2244,v-yellow
2245,h-yellow
2246,d-yellow
2247,d-red
2248,d-red
2249,h-yellow
2250,h-yellow
2251,h-yellow
2252,d-yellow
2253,h-yellow
2254,d-red
2255,h-red
2256,v-red
2257,d-yellow
2258,h-red
2259,d-red
2260,d-yellow
2261,d-red
2262,h-red
2263,d-yellow
2264,h-red
2265,d-yellow
2266,d-yellow
2267,h-red
2268,d-red
2269,d-yellow
2270,d-red
2271,h-red
2272,d-yellow
2273,h-yellow
2274,h-yellow
2275,tie
2276,d-yellow
2277,d-red
2278,h-yellow
2279,h-red
2280,d-yellow
2281,h-red
2282,h-yellow
2283,h-red
2284,d-yellow
2285,d-yellow
2286,h-red
2287,tie
2288,tie
2289,d-yellow
2290,d-red
2291,h-red
2292,h-red
2293,h-yellow
2294,d-red
2295,h-red
2296,h-red
2297,h-red
2298,d-yellow
2299,tie
2300,d-red
2301,d-yellow
2302,d-yellow
2303,h-yellow
2304,h-yellow
2305,h-red
2306,d-red
2307,h-red
2308,d-red
2309,tie
2310,v-yellow
2311,tie
2312,h-red
2313,d-red
2314,h-red
2315,tie
2316,v-yellow
2317,d-yellow
2318,h-red
2319,d-red
2320,d-yellow
2321,d-red
2322,tie
2323,d-yellow
2324,d-yellow
2325,h-red
2326,d-yellow
2327,h-yellow
2328,d-red
2329,d-yellow
2330,h-yellow
2331,h-yellow
2332,d-yellow
2333,h-yellow
2334,h-yellow
2335,d-yellow
2336,v-red
2337,h-red
2338,h-red
2339,h-yellow
2340,h-yellow
2341,d-red
2342,d-red
2343,h-red
2344,h-yellow
2345,d-yellow
2346,h-yellow
2347,d-red
2348,h-yellow
2349,h-yellow
2350,h-red
2351,h-red
2352,v-yellow
2353,h-red
2354,h-red
2355,d-yellow
2356,h-yellow
2357,h-red
2358,v-yellow
2359,d-yellow
2360,d-yellow
2361,tie
2362,d-yellow
2363,d-yellow
2364,d-red
2365,d-red
2366,d-red
2367,d-red
2368,h-yellow
2369,h-red
2370,h-yellow
2371,h-red
2372,h-red
2373,d-red
2374,d-yellow
2375,h-red
2376,v-yellow
2377,h-yellow
2378,d-red
2379,d-yellow
2380,d-yellow
2381,h-yellow
2382,h-yellow
2383,h-yellow
2384,d-red
2385,d-yellow
2386,v-yellow
2387,d-yellow
2388,h-red
2389,h-yellow
2390,d-yellow
2391,d-yellow
2392,h-red
2393,d-red
2394,tie
2395,h-yellow
2396,d-red
2397,d-red
2398,d-red
2399,h-red
2400,v-yellow
2401,d-red
2402,d-yellow
2403,d-yellow
2404,h-yellow
2405,d-red
2406,h-yellow
2407,d-yellow
2408,h-red
2409,d-red
2410,h-yellow
2411,h-yellow
2412,h-yellow
2413,d-red
2414,d-yellow
2415,h-yellow
2416,h-red
2417,h-yellow
2418,h-yellow
2419,d-red
2420,h-yellow
2421,h-red
2422,d-red
2423,v-red
2424,d-yellow
2425,v-red
2426,h-red
2427,v-yellow
2428,d-red
2429,h-yellow
2430,d-yellow
2431,h-red
2432,h-yellow
2433,h-red
2434,h-yellow
2435,d-yellow
2436,h-red
2437,d-red
2438,h-red
2439,h-yellow
2440,d-red
2441,v-red
2442,d-yellow
2443,h-yellow
2444,h-yellow
2445,h-yellow
2446,d-yellow
2447,h-yellow
2448,v-yellow
2449,d-red
2450,h-red
2451,v-red
2452,h-yellow
2453,d-red
2454,h-red
2455,d-red
2456,d-red
2457,v-red
2458,h-red
2459,d-yellow
2460,h-red
2461,d-red
2462,h-red
2463,v-red
2464,d-yellow
2465,d-red
2466,h-red
2467,h-yellow
2468,d-red
2469,h-yellow
2470,h-yellow
2471,h-red
2472,v-yellow
2473,h-red
2474,h-red
2475,d-yellow
2476,d-red
2477,d-yellow
2478,d-red
2479,d-yellow
2480,d-red
2481,d-yellow
2482,d-yellow
2483,h-red
2484,tie
2485,h-yellow
2486,d-yellow
2487,h-yellow
2488,h-red
2489,d-yellow
2490,h-red
2491,d-yellow
2492,h-yellow
2493,d-red
2494,h-yellow
2495,d-red
2496,h-yellow
2497,h-red
2498,v-yellow
2499,tie
2500,h-yellow
2501,h-red
2502,h-yellow
2503,h-red
2504,d-red
2505,d-yellow
2506,h-red
2507,h-yellow
2508,d-yellow
2509,h-yellow
2510,d-yellow
2511,h-yellow
2512,d-yellow
2513,d-red
2514,d-red
2515,h-yellow
2516,d-red
2517,h-yellow
2518,h-red
2519,h-yellow
2520,h-red
2521,h-red
2522,h-red
2523,h-yellow
2524,d-yellow
2525,h-red
2526,d-red
2527,h-red
2528,h-yellow
2529,h-red
2530,d-yellow
2531,d-red
2532,d-red
2533,h-red
2534,h-red
2535,d-red
2536,d-yellow
2537,h-yellow
2538,h-red
2539,d-yellow
2540,d-yellow
2541,v-red
2542,d-red
2543,tie
2544,h-red
2545,h-yellow
2546,h-yellow
2547,h-yellow
2548,v-red
2549,h-yellow
2550,d-red
2551,h-yellow
2552,h-yellow
2553,d-yellow
2554,d-red
2555,h-red
2556,h-yellow
2557,h-yellow
2558,d-red
2559,h-red
2560,h-red
2561,h-yellow
2562,h-yellow
2563,h-red
2564,d-red
2565,h-yellow
2566,d-red
2567,tie
2568,d-red
2569,d-yellow
2570,h-red
2571,d-yellow
2572,d-yellow
2573,v-yellow
2574,h-red
2575,d-red
2576,d-red
2577,d-red
2578,h-red
2579,h-yellow
2580,d-yellow
2581,d-yellow
2582,h-yellow
2583,h-yellow
2584,d-yellow
2585,d-yellow
2586,d-red
2587,tie
2588,h-yellow
2589,v-yellow
2590,d-red
2591,h-yellow
2592,h-red
2593,d-red
2594,h-red
2595,h-red
2596,v-yellow
2597,tie
2598,v-yellow
2599,d-red
2600,d-yellow
2601,h-red
2602,d-red
2603,d-yellow
2604,h-yellow
2605,d-red
2606,h-yellow
2607,d-yellow
2608,h-red
2609,d-yellow
2610,v-red
2611,h-yellow
2612,h-yellow
2613,h-red
2614,d-red
2615,d-yellow
2616,h-yellow
2617,h-yellow
2618,d-red
2619,h-red
2620,h-yellow
2621,h-yellow
2622,d-red
2623,d-red
2624,d-yellow
2625,h-red
2626,d-yellow
2627,h-red
2628,h-yellow
2629,d-red
2630,h-red
2631,h-red
2632,h-yellow
2633,h-yellow
2634,d-yellow
2635,d-red
2636,h-red
2637,h-red
2638,h-red
2639,tie
2640,tie
2641,h-yellow
2642,v-red
2643,d-red
2644,d-yellow
2645,h-red
2646,h-red
2647,d-red
2648,h-yellow
2649,v-red
2650,d-yellow
2651,h-red
2652,h-yellow
2653,d-yellow
2654,v-red
2655,h-yellow
2656,h-yellow
2657,h-yellow
2658,d-yellow
2659,d-red
2660,d-yellow
2661,d-red
2662,d-yellow
2663,h-red
2664,d-red
2665,h-red
2666,v-yellow
2667,h-yellow
2668,d-red
2669,h-yellow
2670,h-yellow
2671,h-red
2672,d-yellow
2673,d-yellow
2674,v-yellow
2675,d-yellow
2676,h-yellow
2677,h-red
2678,h-yellow
2679,h-yellow
2680,h-yellow
2681,d-red
2682,v-yellow
2683,d-red
2684,h-yellow
2685,v-red
2686,d-yellow
2687,d-red
2688,h-yellow
2689,h-yellow
2690,h-yellow
2691,d-yellow
2692,d-yellow
2693,d-red
2694,v-yellow
2695,d-yellow
2696,d-red
2697,d-red
2698,h-red
2699,d-yellow
2700,h-red
2701,v-red
2702,d-red
2703,h-yellow
2704,d-red
2705,h-red
2706,h-yellow
2707,d-red
2708,v-yellow
2709,d-yellow
2710,v-red
2711,d-red
2712,h-yellow
2713,v-red
2714,h-yellow
2715,h-red
2716,d-red
2717,h-red
2718,d-yellow
2719,d-yellow
2720,d-yellow
2721,h-red
2722,v-red
2723,v-yellow
2724,h-yellow
2725,v-yellow
2726,d-yellow
2727,v-red
2728,h-red
2729,d-red
2730,h-yellow
2731,h-yellow
2732,tie
2733,h-yellow
2734,d-red
2735,h-yellow
2736,h-red
2737,h-yellow
2738,d-red
2739,d-yellow
2740,h-red
2741,d-red
2742,h-yellow
2743,h-red
2744,d-red
2745,h-red
2746,d-red
2747,d-red
2748,d-yellow
2749,d-red
2750,d-yellow
2751,v-red
2752,d-red
2753,h-yellow
2754,h-red
2755,d-yellow
2756,h-red
2757,d-yellow
2758,h-red
2759,d-yellow
2760,d-red
2761,v-yellow
2762,h-yellow
2763,d-red
2764,tie
2765,h-yellow
2766,h-yellow
2767,h-red
2768,d-yellow
2769,h-red
2770,d-yellow
2771,d-yellow
2772,h-yellow
2773,h-yellow
2774,h-yellow
2775,d-red
2776,h-yellow
2777,h-yellow
2778,h-red
2779,v-yellow
2780,h-yellow
2781,h-red
2782,h-red
2783,h-red
2784,d-red
2785,d-red
2786,h-yellow
2787,d-red
2788,v-yellow
2789,d-yellow
2790,h-yellow
2791,d-red
2792,h-yellow
2793,d-red
2794,tie
2795,d-red
2796,d-yellow
2797,d-red
2798,d-yellow
2799,h-red
2800,h-yellow
2801,tie
2802,h-red
2803,d-yellow
2804,d-yellow
2805,h-yellow
2806,d-red
2807,h-red
2808,d-yellow
2809,d-red
2810,d-red
2811,h-yellow
2812,h-red
2813,h-red
2814,h-yellow
2815,h-yellow
2816,d-red
2817,v-red
2818,d-yellow
2819,h-yellow
2820,d-yellow
2821,d-yellow
2822,v-yellow
2823,v-red
2824,h-red
2825,h-yellow
2826,d-red
2827,h-yellow
2828,h-red
2829,d-red
2830,d-yellow
2831,h-yellow
2832,d-red
2833,h-red
2834,h-red
2835,d-yellow
2836,h-yellow
2837,h-red
2838,v-yellow
2839,d-red
2840,d-yellow
2841,d-yellow
2842,d-red
2843,d-red
2844,h-yellow
2845,v-red
2846,h-red
2847,h-yellow
2848,h-yellow
2849,d-red
2850,d-yellow
2851,d-red
2852,d-red
2853,tie
2854,h-red
2855,h-yellow
2856,d-red
2857,h-red
2858,h-yellow
2859,h-red
2860,d-red
2861,d-red
2862,h-yellow
2863,d-red
2864,h-yellow
2865,h-yellow
2866,d-red
2867,v-red
2868,h-yellow
2869,h-red
2870,h-yellow
2871,d-red
2872,d-red
2873,h-red
2874,h-yellow
2875,h-yellow
2876,h-yellow
2877,h-red
2878,tie
2879,d-yellow
2880,d-yellow
2881,v-yellow
2882,v-red
2883,tie
2884,h-red
2885,h-red
2886,tie
2887,h-red
2888,h-red
2889,d-yellow
2890,d-yellow
2891,h-red
2892,d-red
2893,d-yellow
2894,h-yellow
2895,d-red
2896,d-yellow
2897,tie
2898,h-red
2899,v-red
2900,d-yellow
2901,d-red
2902,h-red
2903,d-yellow
2904,d-yellow
2905,h-yellow
2906,d-red
2907,d-red
2908,h-yellow
2909,h-red
2910,v-red
2911,v-yellow
2912,h-red
2913,d-red
2914,d-red
2915,v-red
2916,h-yellow
2917,h-red
2918,h-yellow
2919,h-red
2920,h-red
2921,v-yellow
2922,h-red
2923,h-yellow
2924,h-red
2925,h-red
2926,d-red
2927,h-red
2928,h-yellow
2929,tie
2930,h-yellow
2931,d-red
2932,d-red
2933,h-yellow
2934,h-red
2935,h-yellow
2936,h-red
2937,h-yellow
2938,d-red
2939,h-yellow
2940,h-yellow
2941,d-yellow
2942,d-yellow
2943,h-red
2944,d-yellow
2945,d-yellow
2946,h-red
2947,h-yellow
2948,d-yellow
2949,tie
2950,tie
2951,tie
2952,v-red
2953,d-red
2954,h-yellow
2955,h-yellow
2956,v-yellow
2957,d-yellow
2958,v-yellow
2959,tie
2960,h-yellow
2961,d-yellow
2962,d-red
2963,d-red
2964,h-yellow
2965,h-yellow
2966,h-yellow
2967,d-yellow
2968,d-yellow
2969,h-yellow
2970,d-yellow
2971,d-yellow
2972,h-red
2973,h-red
2974,h-red
2975,h-yellow
2976,h-yellow
2977,v-red
2978,h-red
2979,h-red
2980,h-yellow
2981,h-red
2982,v-yellow
2983,h-red
2984,h-yellow
2985,tie
2986,tie
2987,d-red
2988,d-yellow
2989,h-yellow
2990,d-yellow
2991,h-red
2992,h-red
2993,v-yellow
2994,h-red
2995,d-red
2996,d-yellow
2997,h-red
2998,h-yellow
2999,d-yellow
